{"cameraMode":{"drawMode":0,"name":"Shaded","section":"Shading Mode"},"sceneLighting":true,"audioPlay":false,"sceneViewState":{"showFog":true,"showMaterialUpdate":false,"showSkybox":true,"showFlares":true,"showImageEffects":true,"showParticleSystems":true,"showVisualEffectGraphs":true,"m_FxEnabled":true},"in2DMode":false,"pivot":{"x":3.817582130432129,"y":22.31571388244629,"z":-46.04816818237305},"rotation":{"x":0.0011240356834605337,"y":-0.7331427931785584,"z":0.0010030359262600542,"w":0.6795200109481812},"size":6.637118816375732,"orthographic":false}