{"cameraMode":{"drawMode":0,"name":"Shaded","section":"Shading Mode"},"sceneLighting":true,"audioPlay":false,"sceneViewState":{"showFog":true,"showMaterialUpdate":false,"showSkybox":true,"showFlares":true,"showImageEffects":true,"showParticleSystems":true,"showVisualEffectGraphs":true,"m_FxEnabled":true},"in2DMode":false,"pivot":{"x":25.032899856567384,"y":20.149690628051759,"z":-39.20201873779297},"rotation":{"x":0.26218920946121218,"y":-0.10527703911066055,"z":0.028561007231473924,"w":0.9584413766860962},"size":4.237117290496826,"orthographic":false}